,0,1,2,3,4,5
0,546,0.3257812559604645,0.4069444537162781,0.3190104067325592,0.40231481194496155,grey
0,555,0.3255208432674408,0.4055555462837219,0.31953126192092896,0.40324074029922485,grey
0,556,0.32604166865348816,0.4046296179294586,0.31953126192092896,0.40324074029922485,grey
0,557,0.32604166865348816,0.40509259700775146,0.3192708194255829,0.40416666865348816,grey
0,558,0.32604166865348816,0.4046296179294586,0.3190104067325592,0.40324074029922485,grey
0,593,0.32421875,0.41203704476356506,0.32369792461395264,0.4027777910232544,grey
0,609,0.32604166865348816,0.40740740299224854,0.3190104067325592,0.40324074029922485,grey
0,610,0.32630208134651184,0.40740740299224854,0.3190104067325592,0.40509259700775146,grey
0,617,0.32604166865348816,0.4069444537162781,0.31953126192092896,0.4046296179294586,grey
0,618,0.32604166865348816,0.4078703820705414,0.32083332538604736,0.40324074029922485,grey
0,624,0.32604166865348816,0.40509259700775146,0.31953126192092896,0.4046296179294586,grey
0,626,0.3257812559604645,0.4078703820705414,0.32083332538604736,0.4037036895751953,grey
0,628,0.3257812559604645,0.4078703820705414,0.32083332538604736,0.4046296179294586,grey
0,629,0.3257812559604645,0.40740740299224854,0.32083332538604736,0.4046296179294586,grey
0,630,0.32604166865348816,0.4069444537162781,0.3203125,0.40509259700775146,grey
0,631,0.3257812559604645,0.4069444537162781,0.3200520873069763,0.4046296179294586,grey
0,632,0.32604166865348816,0.4069444537162781,0.3200520873069763,0.40509259700775146,grey
0,633,0.32604166865348816,0.4069444537162781,0.3203125,0.4055555462837219,grey
0,634,0.3265624940395355,0.40833333134651184,0.3205729126930237,0.40601852536201477,grey
0,635,0.3257812559604645,0.4078703820705414,0.32109373807907104,0.4046296179294586,grey
0,636,0.32604166865348816,0.4078703820705414,0.32083332538604736,0.40509259700775146,grey
0,642,0.32604166865348816,0.4078703820705414,0.32083332538604736,0.40416666865348816,grey
0,643,0.32604166865348816,0.40648147463798523,0.31953126192092896,0.40601852536201477,grey
0,644,0.3255208432674408,0.4078703820705414,0.3203125,0.4046296179294586,grey
0,645,0.32630208134651184,0.40833333134651184,0.31979167461395264,0.40509259700775146,grey
0,646,0.32604166865348816,0.4078703820705414,0.31953126192092896,0.4055555462837219,grey
0,647,0.32630208134651184,0.40833333134651184,0.31979167461395264,0.40509259700775146,grey
0,648,0.32604166865348816,0.4069444537162781,0.3192708194255829,0.40601852536201477,grey
0,651,0.32630208134651184,0.40833333134651184,0.3203125,0.40509259700775146,grey
0,652,0.32630208134651184,0.40740740299224854,0.31953126192092896,0.40740740299224854,grey
0,653,0.32630208134651184,0.4078703820705414,0.31979167461395264,0.4055555462837219,grey
0,654,0.32760417461395264,0.40833333134651184,0.31953126192092896,0.40648147463798523,grey
0,655,0.3270833194255829,0.40925925970077515,0.31979167461395264,0.40648147463798523,grey
0,656,0.3291666805744171,0.40740740299224854,0.31979167461395264,0.40648147463798523,grey
0,657,0.328125,0.40925925970077515,0.31979167461395264,0.40740740299224854,grey
0,658,0.32760417461395264,0.41018518805503845,0.31979167461395264,0.4069444537162781,grey
0,659,0.328125,0.40925925970077515,0.31953126192092896,0.40601852536201477,grey
0,660,0.32734376192092896,0.40648147463798523,0.3190104067325592,0.40740740299224854,grey
0,663,0.3257812559604645,0.4069444537162781,0.3190104067325592,0.4055555462837219,grey
0,666,0.3257812559604645,0.4078703820705414,0.31953126192092896,0.4046296179294586,grey
0,667,0.3257812559604645,0.4078703820705414,0.31953126192092896,0.4046296179294586,grey
0,670,0.3265624940395355,0.4078703820705414,0.3187499940395355,0.40648147463798523,grey
0,671,0.32604166865348816,0.4078703820705414,0.3203125,0.4046296179294586,grey
0,672,0.32604166865348816,0.40601852536201477,0.3187499940395355,0.40648147463798523,grey
0,673,0.3265624940395355,0.4097222089767456,0.31953126192092896,0.40601852536201477,grey
0,674,0.32604166865348816,0.40833333134651184,0.31979167461395264,0.40509259700775146,grey
0,675,0.3270833194255829,0.41018518805503845,0.3192708194255829,0.40601852536201477,grey
0,676,0.32760417461395264,0.4069444537162781,0.3190104067325592,0.40601852536201477,grey
0,679,0.3257812559604645,0.4069444537162781,0.3187499940395355,0.40601852536201477,grey
0,681,0.3252604305744171,0.4078703820705414,0.3190104067325592,0.40416666865348816,grey
0,682,0.32604166865348816,0.40740740299224854,0.31822916865348816,0.40648147463798523,grey
0,684,0.32604166865348816,0.4069444537162781,0.3179687559604645,0.40648147463798523,grey
0,685,0.32604166865348816,0.4069444537162781,0.31848958134651184,0.40648147463798523,grey
0,686,0.3265624940395355,0.4087963104248047,0.3192708194255829,0.4055555462837219,grey
0,687,0.32604166865348816,0.40648147463798523,0.3187499940395355,0.40648147463798523,grey
0,688,0.32604166865348816,0.4087963104248047,0.31979167461395264,0.40601852536201477,grey
0,689,0.32630208134651184,0.40925925970077515,0.3200520873069763,0.40509259700775146,grey
0,690,0.3268229067325592,0.4106481373310089,0.31979167461395264,0.4055555462837219,grey
0,691,0.3283854126930237,0.41018518805503845,0.3192708194255829,0.4055555462837219,grey
0,692,0.3278645873069763,0.40833333134651184,0.3190104067325592,0.4055555462837219,grey
0,694,0.32604166865348816,0.4078703820705414,0.3187499940395355,0.40648147463798523,grey
0,699,0.32499998807907104,0.41018518805503845,0.3190104067325592,0.4046296179294586,grey
0,701,0.3257812559604645,0.40740740299224854,0.3187499940395355,0.4055555462837219,grey
0,703,0.3255208432674408,0.4087963104248047,0.31848958134651184,0.40648147463798523,grey
0,704,0.3257812559604645,0.40740740299224854,0.3187499940395355,0.40601852536201477,grey
0,705,0.32630208134651184,0.40740740299224854,0.3192708194255829,0.4055555462837219,grey
0,708,0.3255208432674408,0.4078703820705414,0.3192708194255829,0.40416666865348816,grey
0,709,0.32630208134651184,0.40601852536201477,0.31822916865348816,0.4055555462837219,grey
0,710,0.32604166865348816,0.4078703820705414,0.31979167461395264,0.4046296179294586,grey
0,805,0.3239583373069763,0.41203704476356506,0.32213541865348816,0.40231481194496155,grey
0,811,0.3255208432674408,0.4055555462837219,0.3174479305744171,0.4069444537162781,grey
0,812,0.3255208432674408,0.4037036895751953,0.3177083432674408,0.40648147463798523,grey
0,889,0.3255208432674408,0.40925925970077515,0.3205729126930237,0.4027777910232544,grey
0,1050,0.3218750059604645,0.40740740299224854,0.3213541805744171,0.3986110985279083,grey
0,1054,0.32239583134651184,0.40648147463798523,0.32109373807907104,0.3986110985279083,grey
0,1060,0.3192708194255829,0.40740740299224854,0.3187499940395355,0.3967592716217041,grey
0,1061,0.3200520873069763,0.40648147463798523,0.3192708194255829,0.39722222089767456,grey
0,1062,0.31979167461395264,0.40648147463798523,0.31953126192092896,0.39722222089767456,grey
0,1063,0.32109373807907104,0.4000000059604645,0.31822916865348816,0.39814814925193787,grey
0,1067,0.32239583134651184,0.39907407760620117,0.32239583134651184,0.39907407760620117,grey
0,1067,0.32239583134651184,0.40833333134651184,0.32239583134651184,0.39907407760620117,grey
0,1085,0.3218750059604645,0.4069444537162781,0.3213541805744171,0.39953702688217163,grey
0,1099,0.3216145932674408,0.4069444537162781,0.3216145932674408,0.3986110985279083,grey
0,1100,0.3218750059604645,0.40648147463798523,0.32213541865348816,0.39907407760620117,grey
0,1111,0.3213541805744171,0.40648147463798523,0.32083332538604736,0.39907407760620117,grey
0,1222,0.32109373807907104,0.40509259700775146,0.3179687559604645,0.4027777910232544,grey
0,1224,0.32109373807907104,0.40231481194496155,0.31822916865348816,0.4018518626689911,grey
0,1226,0.32109373807907104,0.4018518626689911,0.31848958134651184,0.4018518626689911,grey
0,1227,0.3216145932674408,0.4018518626689911,0.3179687559604645,0.4027777910232544,grey
0,1228,0.3216145932674408,0.4018518626689911,0.3177083432674408,0.40324074029922485,grey
0,1262,0.32083332538604736,0.3976851999759674,0.31848958134651184,0.4027777910232544,grey
0,1343,0.3216145932674408,0.39907407760620117,0.3179687559604645,0.4027777910232544,grey
0,1344,0.3218750059604645,0.39814814925193787,0.3179687559604645,0.40324074029922485,grey
0,1345,0.3218750059604645,0.3976851999759674,0.3177083432674408,0.4037036895751953,grey
0,1348,0.3213541805744171,0.40046295523643494,0.3179687559604645,0.4037036895751953,grey
0,1349,0.3216145932674408,0.40046295523643494,0.3179687559604645,0.4027777910232544,grey
0,1386,0.32109373807907104,0.3986110985279083,0.3187499940395355,0.4027777910232544,grey
0,1387,0.32109373807907104,0.3986110985279083,0.31848958134651184,0.40324074029922485,grey
0,1392,0.3216145932674408,0.40046295523643494,0.3179687559604645,0.40231481194496155,grey
0,1407,0.3216145932674408,0.40231481194496155,0.31848958134651184,0.4018518626689911,grey
0,1408,0.3216145932674408,0.40231481194496155,0.31822916865348816,0.4018518626689911,grey
0,1409,0.3216145932674408,0.40138888359069824,0.31822916865348816,0.4018518626689911,grey
0,1413,0.32109373807907104,0.39907407760620117,0.3187499940395355,0.40231481194496155,grey
0,1416,0.32083332538604736,0.3986110985279083,0.3187499940395355,0.40324074029922485,grey
0,1417,0.3203125,0.39814814925193787,0.31848958134651184,0.4027777910232544,grey
0,1418,0.3192708194255829,0.3976851999759674,0.3187499940395355,0.40231481194496155,grey
0,1420,0.3179687559604645,0.40416666865348816,0.3216145932674408,0.4009259343147278,grey
0,1428,0.3218750059604645,0.39722222089767456,0.31848958134651184,0.4027777910232544,grey
0,1446,0.32213541865348816,0.39814814925193787,0.31848958134651184,0.4037036895751953,grey
0,1447,0.32213541865348816,0.39814814925193787,0.3179687559604645,0.40324074029922485,grey
0,1449,0.3216145932674408,0.39814814925193787,0.3190104067325592,0.4027777910232544,grey
0,1450,0.3216145932674408,0.39814814925193787,0.31822916865348816,0.4027777910232544,grey
0,1482,0.3216145932674408,0.39953702688217163,0.3179687559604645,0.40324074029922485,grey
0,1486,0.3216145932674408,0.39814814925193787,0.3179687559604645,0.40324074029922485,grey
0,1487,0.3213541805744171,0.39814814925193787,0.3179687559604645,0.40324074029922485,grey
0,1490,0.3216145932674408,0.39907407760620117,0.3179687559604645,0.40324074029922485,grey
0,1491,0.3213541805744171,0.3986110985279083,0.3179687559604645,0.40324074029922485,grey
0,1525,0.3226562440395355,0.40138888359069824,0.31822916865348816,0.4046296179294586,grey
0,1526,0.3226562440395355,0.4009259343147278,0.31692707538604736,0.40601852536201477,grey
0,1527,0.32239583134651184,0.4009259343147278,0.3166666626930237,0.4055555462837219,grey
0,1528,0.32239583134651184,0.40046295523643494,0.3166666626930237,0.40509259700775146,grey
0,1529,0.3226562440395355,0.4009259343147278,0.3166666626930237,0.40601852536201477,grey
0,1530,0.3226562440395355,0.4009259343147278,0.31718748807907104,0.4055555462837219,grey
0,1531,0.32213541865348816,0.40138888359069824,0.31692707538604736,0.4046296179294586,grey
0,1532,0.3216145932674408,0.4018518626689911,0.3174479305744171,0.40509259700775146,grey
0,1533,0.32213541865348816,0.40231481194496155,0.3174479305744171,0.40509259700775146,grey
0,1534,0.32213541865348816,0.40231481194496155,0.3174479305744171,0.4046296179294586,grey
0,1535,0.3218750059604645,0.4009259343147278,0.3177083432674408,0.40509259700775146,grey
0,1543,0.32239583134651184,0.3986110985279083,0.3177083432674408,0.4037036895751953,grey
0,1544,0.32213541865348816,0.3967592716217041,0.31718748807907104,0.4037036895751953,grey
0,1545,0.3218750059604645,0.3967592716217041,0.31692707538604736,0.40416666865348816,grey
0,1546,0.3213541805744171,0.3967592716217041,0.31692707538604736,0.4037036895751953,grey
0,1547,0.3216145932674408,0.4000000059604645,0.3174479305744171,0.40416666865348816,grey
0,1550,0.32213541865348816,0.3967592716217041,0.31718748807907104,0.40324074029922485,grey
0,1551,0.32213541865348816,0.3967592716217041,0.31718748807907104,0.40324074029922485,grey
0,1552,0.3216145932674408,0.3967592716217041,0.31692707538604736,0.4037036895751953,grey
0,1553,0.3213541805744171,0.3976851999759674,0.3174479305744171,0.4037036895751953,grey
0,1554,0.3216145932674408,0.4000000059604645,0.3177083432674408,0.40416666865348816,grey
0,1555,0.3218750059604645,0.39953702688217163,0.3177083432674408,0.4037036895751953,grey
0,1564,0.3213541805744171,0.3986110985279083,0.31848958134651184,0.4027777910232544,grey
0,1565,0.3218750059604645,0.3976851999759674,0.3177083432674408,0.4037036895751953,grey
0,1566,0.3213541805744171,0.3986110985279083,0.31822916865348816,0.4027777910232544,grey
0,1570,0.3218750059604645,0.39814814925193787,0.3187499940395355,0.4027777910232544,grey
0,1571,0.3218750059604645,0.39814814925193787,0.31848958134651184,0.4027777910232544,grey
0,1572,0.3218750059604645,0.3986110985279083,0.31822916865348816,0.40324074029922485,grey
0,1575,0.32213541865348816,0.39953702688217163,0.3177083432674408,0.4037036895751953,grey
0,1576,0.32213541865348816,0.39907407760620117,0.3174479305744171,0.40416666865348816,grey
0,1577,0.3216145932674408,0.4000000059604645,0.3179687559604645,0.4037036895751953,grey
0,1578,0.3216145932674408,0.4000000059604645,0.3177083432674408,0.40416666865348816,grey
0,1579,0.32213541865348816,0.39907407760620117,0.3174479305744171,0.4046296179294586,grey
0,1580,0.32213541865348816,0.3986110985279083,0.31692707538604736,0.40416666865348816,grey
0,1581,0.3216145932674408,0.40046295523643494,0.3179687559604645,0.4037036895751953,grey
0,1583,0.32213541865348816,0.39907407760620117,0.3177083432674408,0.4037036895751953,grey
0,1587,0.32083332538604736,0.39814814925193787,0.3179687559604645,0.40416666865348816,grey
0,1591,0.3218750059604645,0.39814814925193787,0.3179687559604645,0.40416666865348816,grey
0,1592,0.3218750059604645,0.3986110985279083,0.3177083432674408,0.4037036895751953,grey
0,1596,0.3216145932674408,0.40138888359069824,0.3179687559604645,0.40416666865348816,grey
0,1598,0.3216145932674408,0.39953702688217163,0.3174479305744171,0.40416666865348816,grey
0,1599,0.3216145932674408,0.40046295523643494,0.3174479305744171,0.40416666865348816,grey
0,1600,0.3218750059604645,0.39953702688217163,0.31718748807907104,0.4046296179294586,grey
0,1601,0.3218750059604645,0.3986110985279083,0.3174479305744171,0.40416666865348816,grey
0,1602,0.32213541865348816,0.39953702688217163,0.3174479305744171,0.40416666865348816,grey
0,1603,0.3216145932674408,0.4009259343147278,0.3177083432674408,0.40416666865348816,grey
0,1604,0.3218750059604645,0.3986110985279083,0.31692707538604736,0.40324074029922485,grey
0,1605,0.3218750059604645,0.3986110985279083,0.3174479305744171,0.40416666865348816,grey
0,1606,0.32213541865348816,0.3986110985279083,0.31692707538604736,0.40416666865348816,grey
0,1607,0.3218750059604645,0.4009259343147278,0.3174479305744171,0.40416666865348816,grey
0,1608,0.3216145932674408,0.40231481194496155,0.3179687559604645,0.4037036895751953,grey
0,1609,0.3213541805744171,0.40138888359069824,0.31718748807907104,0.4046296179294586,grey
0,1610,0.3216145932674408,0.40138888359069824,0.31718748807907104,0.4037036895751953,grey
0,1611,0.3213541805744171,0.40324074029922485,0.3177083432674408,0.40416666865348816,grey
0,1613,0.3218750059604645,0.39953702688217163,0.31718748807907104,0.40416666865348816,grey
0,1614,0.3216145932674408,0.40138888359069824,0.31718748807907104,0.4037036895751953,grey
0,1616,0.3213541805744171,0.4009259343147278,0.3179687559604645,0.40324074029922485,grey
0,1617,0.3216145932674408,0.4009259343147278,0.3179687559604645,0.40324074029922485,grey
0,1618,0.3218750059604645,0.4009259343147278,0.3179687559604645,0.40416666865348816,grey
0,1624,0.3218750059604645,0.39953702688217163,0.3179687559604645,0.4037036895751953,grey
0,1625,0.3216145932674408,0.4000000059604645,0.3179687559604645,0.4037036895751953,grey
0,1628,0.3218750059604645,0.4000000059604645,0.3177083432674408,0.40416666865348816,grey
0,1631,0.3216145932674408,0.4000000059604645,0.3177083432674408,0.4037036895751953,grey
0,1632,0.3216145932674408,0.4000000059604645,0.3177083432674408,0.40416666865348816,grey
0,1633,0.3218750059604645,0.4000000059604645,0.3174479305744171,0.40416666865348816,grey
0,1634,0.3218750059604645,0.39907407760620117,0.3177083432674408,0.4037036895751953,grey
0,1636,0.3216145932674408,0.4000000059604645,0.3179687559604645,0.40416666865348816,grey
0,1637,0.3216145932674408,0.39953702688217163,0.31718748807907104,0.4037036895751953,grey
0,1641,0.3218750059604645,0.4000000059604645,0.3179687559604645,0.4037036895751953,grey
0,1656,0.3216145932674408,0.40231481194496155,0.3177083432674408,0.40416666865348816,grey
0,1659,0.3216145932674408,0.40138888359069824,0.3179687559604645,0.4037036895751953,grey
0,1669,0.3218750059604645,0.3986110985279083,0.3177083432674408,0.40416666865348816,grey
0,1670,0.3216145932674408,0.39907407760620117,0.3177083432674408,0.4037036895751953,grey
0,1684,0.3213541805744171,0.3976851999759674,0.3177083432674408,0.4037036895751953,grey
0,1686,0.3216145932674408,0.4000000059604645,0.3177083432674408,0.40416666865348816,grey
0,1687,0.3218750059604645,0.39907407760620117,0.3174479305744171,0.40416666865348816,grey
0,1688,0.3216145932674408,0.40046295523643494,0.3179687559604645,0.40324074029922485,grey
0,1694,0.3218750059604645,0.4000000059604645,0.3177083432674408,0.40416666865348816,grey
0,1695,0.3218750059604645,0.39953702688217163,0.3174479305744171,0.40416666865348816,grey
0,1696,0.3218750059604645,0.4000000059604645,0.3177083432674408,0.4037036895751953,grey
0,1697,0.3216145932674408,0.4000000059604645,0.3179687559604645,0.40324074029922485,grey
0,1703,0.32213541865348816,0.40046295523643494,0.3179687559604645,0.40416666865348816,grey
0,1706,0.32213541865348816,0.4009259343147278,0.3179687559604645,0.40416666865348816,grey
0,1707,0.32213541865348816,0.40138888359069824,0.3179687559604645,0.40416666865348816,grey
0,1708,0.32213541865348816,0.40046295523643494,0.3177083432674408,0.4046296179294586,grey
0,1709,0.32213541865348816,0.40046295523643494,0.3177083432674408,0.40416666865348816,grey
0,1710,0.32213541865348816,0.40138888359069824,0.3179687559604645,0.40416666865348816,grey
0,1711,0.3216145932674408,0.4009259343147278,0.3179687559604645,0.40416666865348816,grey
0,1712,0.3216145932674408,0.4009259343147278,0.3177083432674408,0.4046296179294586,grey
0,1714,0.3216145932674408,0.4009259343147278,0.3177083432674408,0.40416666865348816,grey
0,1715,0.3213541805744171,0.40231481194496155,0.3177083432674408,0.4037036895751953,grey
0,1739,0.3218750059604645,0.39953702688217163,0.3177083432674408,0.4046296179294586,grey
0,1740,0.3218750059604645,0.39953702688217163,0.3177083432674408,0.4046296179294586,grey
0,1743,0.32213541865348816,0.39953702688217163,0.3179687559604645,0.40416666865348816,grey
0,1747,0.3216145932674408,0.40138888359069824,0.3177083432674408,0.4046296179294586,grey
0,1748,0.3218750059604645,0.4000000059604645,0.3174479305744171,0.4046296179294586,grey
0,1749,0.3216145932674408,0.4009259343147278,0.3174479305744171,0.40509259700775146,grey
0,1751,0.3213541805744171,0.3986110985279083,0.3179687559604645,0.40324074029922485,grey
0,1757,0.3218750059604645,0.4000000059604645,0.3177083432674408,0.4046296179294586,grey
0,1758,0.3218750059604645,0.4000000059604645,0.3177083432674408,0.4046296179294586,grey
0,1761,0.3218750059604645,0.4000000059604645,0.3177083432674408,0.40509259700775146,grey
0,1788,0.3216145932674408,0.40046295523643494,0.3177083432674408,0.40416666865348816,grey
0,1789,0.3216145932674408,0.4009259343147278,0.3179687559604645,0.4037036895751953,grey
0,1795,0.3216145932674408,0.4000000059604645,0.3179687559604645,0.40324074029922485,grey
0,1800,0.3216145932674408,0.4000000059604645,0.31822916865348816,0.4037036895751953,grey
0,1801,0.3216145932674408,0.39814814925193787,0.3174479305744171,0.4037036895751953,grey
0,1802,0.3216145932674408,0.3986110985279083,0.3174479305744171,0.40416666865348816,grey
0,1803,0.3216145932674408,0.3986110985279083,0.3177083432674408,0.40416666865348816,grey
0,1804,0.3216145932674408,0.3967592716217041,0.31718748807907104,0.4037036895751953,grey
0,1805,0.3216145932674408,0.3976851999759674,0.31718748807907104,0.4046296179294586,grey
0,1806,0.3218750059604645,0.3976851999759674,0.31718748807907104,0.4037036895751953,grey
0,1807,0.3216145932674408,0.3967592716217041,0.31718748807907104,0.4037036895751953,grey
0,1808,0.3216145932674408,0.3967592716217041,0.31718748807907104,0.40416666865348816,grey
0,1809,0.3216145932674408,0.3967592716217041,0.31718748807907104,0.4037036895751953,grey
0,1810,0.3216145932674408,0.3967592716217041,0.31718748807907104,0.4037036895751953,grey
0,1811,0.3216145932674408,0.3976851999759674,0.3174479305744171,0.4046296179294586,grey
0,1812,0.3216145932674408,0.39722222089767456,0.3174479305744171,0.40416666865348816,grey
0,1813,0.32213541865348816,0.39814814925193787,0.3177083432674408,0.4037036895751953,grey
0,1818,0.3216145932674408,0.4000000059604645,0.31822916865348816,0.4037036895751953,grey
0,1821,0.3216145932674408,0.4000000059604645,0.3179687559604645,0.40416666865348816,grey
0,1822,0.3218750059604645,0.39814814925193787,0.3174479305744171,0.40416666865348816,grey
0,1825,0.3216145932674408,0.39907407760620117,0.3179687559604645,0.40416666865348816,grey
0,1826,0.32213541865348816,0.39907407760620117,0.3174479305744171,0.4046296179294586,grey
0,1827,0.32213541865348816,0.39907407760620117,0.3177083432674408,0.40416666865348816,grey
0,1830,0.3216145932674408,0.3967592716217041,0.3174479305744171,0.40324074029922485,grey
0,1831,0.3216145932674408,0.39722222089767456,0.3174479305744171,0.40324074029922485,grey
0,1832,0.3213541805744171,0.3976851999759674,0.3179687559604645,0.40416666865348816,grey
0,1833,0.3213541805744171,0.39814814925193787,0.3179687559604645,0.40416666865348816,grey
0,1834,0.3213541805744171,0.39722222089767456,0.3177083432674408,0.4037036895751953,grey
0,1835,0.3213541805744171,0.3986110985279083,0.31822916865348816,0.40416666865348816,grey
0,1836,0.3213541805744171,0.39722222089767456,0.3177083432674408,0.4037036895751953,grey
0,1837,0.3218750059604645,0.39722222089767456,0.3177083432674408,0.40416666865348816,grey
0,1838,0.3218750059604645,0.39907407760620117,0.31822916865348816,0.4037036895751953,grey
0,1839,0.3218750059604645,0.3986110985279083,0.3179687559604645,0.40416666865348816,grey
0,1840,0.3216145932674408,0.39907407760620117,0.3177083432674408,0.4037036895751953,grey
0,1841,0.3216145932674408,0.3986110985279083,0.31822916865348816,0.4037036895751953,grey
0,1842,0.3216145932674408,0.39814814925193787,0.3174479305744171,0.40416666865348816,grey
0,1843,0.3216145932674408,0.39907407760620117,0.3177083432674408,0.4037036895751953,grey
0,1844,0.3213541805744171,0.3986110985279083,0.3177083432674408,0.40416666865348816,grey
0,1845,0.3218750059604645,0.3986110985279083,0.31822916865348816,0.40324074029922485,grey
0,1846,0.3216145932674408,0.3986110985279083,0.3179687559604645,0.40324074029922485,grey
0,1850,0.3216145932674408,0.4000000059604645,0.3174479305744171,0.4046296179294586,grey
0,1851,0.3216145932674408,0.4000000059604645,0.3174479305744171,0.40416666865348816,grey
0,1852,0.3216145932674408,0.4000000059604645,0.3177083432674408,0.4037036895751953,grey
0,1853,0.3218750059604645,0.4009259343147278,0.3177083432674408,0.4046296179294586,grey
0,1854,0.3218750059604645,0.39907407760620117,0.3174479305744171,0.40416666865348816,grey
0,1855,0.3216145932674408,0.40046295523643494,0.3174479305744171,0.40416666865348816,grey
0,1856,0.3216145932674408,0.40046295523643494,0.3174479305744171,0.4046296179294586,grey
0,1857,0.3216145932674408,0.39953702688217163,0.31718748807907104,0.40416666865348816,grey
0,1858,0.3218750059604645,0.3986110985279083,0.31718748807907104,0.40416666865348816,grey
0,1859,0.3218750059604645,0.4000000059604645,0.31718748807907104,0.40509259700775146,grey
0,1860,0.3216145932674408,0.4000000059604645,0.3177083432674408,0.4037036895751953,grey
0,1861,0.3218750059604645,0.39953702688217163,0.31718748807907104,0.4046296179294586,grey
0,1862,0.3216145932674408,0.39953702688217163,0.3174479305744171,0.40509259700775146,grey
0,1863,0.3218750059604645,0.39953702688217163,0.31718748807907104,0.4037036895751953,grey
0,1864,0.3218750059604645,0.3986110985279083,0.31692707538604736,0.40416666865348816,grey
0,1865,0.3218750059604645,0.4000000059604645,0.31692707538604736,0.40509259700775146,grey
0,1866,0.32213541865348816,0.39953702688217163,0.31692707538604736,0.40416666865348816,grey
0,1867,0.3218750059604645,0.4000000059604645,0.31718748807907104,0.40416666865348816,grey
0,1868,0.3216145932674408,0.39953702688217163,0.31692707538604736,0.40509259700775146,grey
0,1869,0.3218750059604645,0.39953702688217163,0.31692707538604736,0.40416666865348816,grey
0,1870,0.3218750059604645,0.4000000059604645,0.31718748807907104,0.4046296179294586,grey
0,1871,0.3218750059604645,0.39953702688217163,0.31692707538604736,0.40509259700775146,grey
0,1872,0.3216145932674408,0.4000000059604645,0.31718748807907104,0.4046296179294586,grey
0,1873,0.3218750059604645,0.40046295523643494,0.3174479305744171,0.40416666865348816,grey
0,1874,0.3218750059604645,0.39953702688217163,0.31692707538604736,0.40509259700775146,grey
0,1875,0.3218750059604645,0.3986110985279083,0.31692707538604736,0.4046296179294586,grey
0,1876,0.3213541805744171,0.4009259343147278,0.3177083432674408,0.40324074029922485,grey
0,1877,0.3216145932674408,0.40046295523643494,0.31718748807907104,0.40509259700775146,grey
0,1878,0.3216145932674408,0.39953702688217163,0.31718748807907104,0.4046296179294586,grey
0,1879,0.3213541805744171,0.40138888359069824,0.3177083432674408,0.4037036895751953,grey
0,1880,0.3213541805744171,0.40046295523643494,0.3174479305744171,0.40509259700775146,grey
0,1881,0.3213541805744171,0.40046295523643494,0.3174479305744171,0.40416666865348816,grey
0,1882,0.3216145932674408,0.4009259343147278,0.3174479305744171,0.40416666865348816,grey
0,1883,0.3216145932674408,0.40046295523643494,0.3174479305744171,0.4046296179294586,grey
0,1884,0.3216145932674408,0.39953702688217163,0.31692707538604736,0.4046296179294586,grey
0,1885,0.3216145932674408,0.39953702688217163,0.31718748807907104,0.4046296179294586,grey
0,1886,0.3216145932674408,0.4000000059604645,0.31718748807907104,0.40509259700775146,grey
0,1887,0.3216145932674408,0.39953702688217163,0.31718748807907104,0.40416666865348816,grey
0,1888,0.3218750059604645,0.39953702688217163,0.31718748807907104,0.4046296179294586,grey
0,1889,0.3216145932674408,0.4000000059604645,0.31718748807907104,0.4046296179294586,grey
0,1890,0.3213541805744171,0.4009259343147278,0.3177083432674408,0.4037036895751953,grey
0,1891,0.3216145932674408,0.39953702688217163,0.31718748807907104,0.4046296179294586,grey
0,1893,0.3213541805744171,0.4000000059604645,0.3177083432674408,0.4037036895751953,grey
0,1894,0.32109373807907104,0.4009259343147278,0.3177083432674408,0.4046296179294586,grey
0,1897,0.32239583134651184,0.40138888359069824,0.31718748807907104,0.4055555462837219,grey
0,1898,0.32239583134651184,0.4009259343147278,0.31718748807907104,0.40648147463798523,grey
0,1899,0.32213541865348816,0.40046295523643494,0.3166666626930237,0.4055555462837219,grey
0,1900,0.3218750059604645,0.40046295523643494,0.3166666626930237,0.40601852536201477,grey
0,1901,0.3218750059604645,0.4009259343147278,0.3166666626930237,0.40601852536201477,grey
0,1902,0.32239583134651184,0.4009259343147278,0.3166666626930237,0.4055555462837219,grey
0,1903,0.3218750059604645,0.4009259343147278,0.3166666626930237,0.40601852536201477,grey
0,1904,0.32213541865348816,0.4009259343147278,0.31692707538604736,0.40601852536201477,grey
0,1905,0.3216145932674408,0.4009259343147278,0.3179687559604645,0.4055555462837219,grey
0,1907,0.32109373807907104,0.4009259343147278,0.3177083432674408,0.4055555462837219,grey
0,1913,0.3218750059604645,0.39953702688217163,0.3177083432674408,0.40509259700775146,grey
0,1914,0.32213541865348816,0.39814814925193787,0.3174479305744171,0.4046296179294586,grey
0,1915,0.32239583134651184,0.39814814925193787,0.3174479305744171,0.4046296179294586,grey
0,1916,0.32239583134651184,0.3976851999759674,0.31718748807907104,0.40509259700775146,grey
0,1917,0.3218750059604645,0.39814814925193787,0.31692707538604736,0.40509259700775146,grey
0,1918,0.3218750059604645,0.3986110985279083,0.31692707538604736,0.40509259700775146,grey
0,1919,0.3216145932674408,0.39722222089767456,0.31692707538604736,0.40509259700775146,grey
0,1920,0.3216145932674408,0.39953702688217163,0.3174479305744171,0.40416666865348816,grey
0,1921,0.3213541805744171,0.39953702688217163,0.3174479305744171,0.4046296179294586,grey
0,1922,0.3218750059604645,0.3986110985279083,0.3177083432674408,0.4046296179294586,grey
0,1923,0.32213541865348816,0.39814814925193787,0.31692707538604736,0.4046296179294586,grey
0,1924,0.32213541865348816,0.39814814925193787,0.31692707538604736,0.40509259700775146,grey
0,1925,0.3218750059604645,0.4009259343147278,0.3179687559604645,0.4046296179294586,grey
0,1926,0.3216145932674408,0.3986110985279083,0.3174479305744171,0.40416666865348816,grey
0,1928,0.32213541865348816,0.3967592716217041,0.31718748807907104,0.4046296179294586,grey
0,1929,0.3216145932674408,0.39722222089767456,0.31718748807907104,0.4046296179294586,grey
0,1930,0.3218750059604645,0.4000000059604645,0.3174479305744171,0.40509259700775146,grey
0,1931,0.3216145932674408,0.3976851999759674,0.31692707538604736,0.40509259700775146,grey
0,1934,0.3218750059604645,0.3986110985279083,0.31822916865348816,0.4037036895751953,grey
0,1935,0.3213541805744171,0.39814814925193787,0.3179687559604645,0.4037036895751953,grey
0,1940,0.3218750059604645,0.4000000059604645,0.3177083432674408,0.40509259700775146,grey
0,1943,0.3216145932674408,0.39814814925193787,0.3179687559604645,0.4046296179294586,grey
0,1944,0.3218750059604645,0.39629629254341125,0.31692707538604736,0.4046296179294586,grey
0,1945,0.3218750059604645,0.39953702688217163,0.3174479305744171,0.40509259700775146,grey
0,1946,0.32213541865348816,0.3986110985279083,0.31718748807907104,0.40509259700775146,grey
0,1947,0.3218750059604645,0.39814814925193787,0.31718748807907104,0.4046296179294586,grey
0,1948,0.3216145932674408,0.3976851999759674,0.31718748807907104,0.40509259700775146,grey
0,1949,0.32213541865348816,0.3986110985279083,0.3174479305744171,0.4055555462837219,grey
0,1950,0.3218750059604645,0.4000000059604645,0.3177083432674408,0.4046296179294586,grey
0,1956,0.3226562440395355,0.39814814925193787,0.31822916865348816,0.4037036895751953,grey
0,1957,0.32213541865348816,0.3986110985279083,0.31848958134651184,0.4037036895751953,grey
0,1958,0.32213541865348816,0.3986110985279083,0.3174479305744171,0.4046296179294586,grey
0,1959,0.3218750059604645,0.3986110985279083,0.3174479305744171,0.4046296179294586,grey
0,1960,0.3218750059604645,0.40046295523643494,0.3177083432674408,0.40509259700775146,grey
0,1962,0.32213541865348816,0.39907407760620117,0.3174479305744171,0.40509259700775146,grey
0,1963,0.3218750059604645,0.39907407760620117,0.31718748807907104,0.4055555462837219,grey
0,1964,0.32083332538604736,0.3986110985279083,0.31822916865348816,0.40416666865348816,grey
0,1965,0.3218750059604645,0.39722222089767456,0.31718748807907104,0.40509259700775146,grey
0,1966,0.3213541805744171,0.40046295523643494,0.3174479305744171,0.4055555462837219,grey
0,1967,0.3218750059604645,0.39953702688217163,0.3174479305744171,0.40509259700775146,grey
0,1978,0.3218750059604645,0.40046295523643494,0.3177083432674408,0.40509259700775146,grey
0,1979,0.3218750059604645,0.4009259343147278,0.3179687559604645,0.4046296179294586,grey
0,1984,0.3216145932674408,0.4000000059604645,0.3177083432674408,0.4046296179294586,grey
0,1985,0.32213541865348816,0.39814814925193787,0.31718748807907104,0.40509259700775146,grey
0,1986,0.3218750059604645,0.39814814925193787,0.31692707538604736,0.40509259700775146,grey
0,1987,0.3218750059604645,0.39907407760620117,0.31718748807907104,0.4055555462837219,grey
0,1988,0.32213541865348816,0.39722222089767456,0.31692707538604736,0.40509259700775146,grey
0,1989,0.32213541865348816,0.39814814925193787,0.3166666626930237,0.40509259700775146,grey
0,1990,0.3218750059604645,0.40046295523643494,0.3174479305744171,0.40509259700775146,grey
0,1991,0.3218750059604645,0.3986110985279083,0.3166666626930237,0.4046296179294586,grey
0,1992,0.32213541865348816,0.3986110985279083,0.3166666626930237,0.40509259700775146,grey
0,1993,0.32213541865348816,0.39907407760620117,0.3166666626930237,0.4055555462837219,grey
0,1994,0.32213541865348816,0.39907407760620117,0.31692707538604736,0.4055555462837219,grey
0,1995,0.3218750059604645,0.3986110985279083,0.31692707538604736,0.40509259700775146,grey
0,1997,0.3226562440395355,0.39814814925193787,0.31692707538604736,0.40509259700775146,grey
0,1998,0.32213541865348816,0.39907407760620117,0.31692707538604736,0.40509259700775146,grey
0,1999,0.32213541865348816,0.39953702688217163,0.31718748807907104,0.4055555462837219,grey
0,2000,0.3218750059604645,0.4009259343147278,0.3179687559604645,0.40416666865348816,grey
0,2001,0.32213541865348816,0.39953702688217163,0.3174479305744171,0.4046296179294586,grey
0,2002,0.32213541865348816,0.3986110985279083,0.31692707538604736,0.4055555462837219,grey
0,2003,0.32213541865348816,0.39907407760620117,0.31718748807907104,0.4046296179294586,grey
0,2004,0.32213541865348816,0.39814814925193787,0.31692707538604736,0.4046296179294586,grey
0,2005,0.3218750059604645,0.3986110985279083,0.31692707538604736,0.4055555462837219,grey
0,2006,0.32213541865348816,0.39814814925193787,0.3166666626930237,0.40509259700775146,grey
0,2007,0.32213541865348816,0.39953702688217163,0.31718748807907104,0.40416666865348816,grey
0,2008,0.32213541865348816,0.39953702688217163,0.3174479305744171,0.4046296179294586,grey
0,2009,0.3218750059604645,0.39814814925193787,0.3166666626930237,0.40509259700775146,grey
0,2010,0.32213541865348816,0.39814814925193787,0.31692707538604736,0.40509259700775146,grey
0,2011,0.3218750059604645,0.40046295523643494,0.3177083432674408,0.4046296179294586,grey
0,2012,0.3218750059604645,0.40046295523643494,0.3174479305744171,0.40416666865348816,grey
0,2013,0.32213541865348816,0.3986110985279083,0.31718748807907104,0.40509259700775146,grey
0,2014,0.3216145932674408,0.39953702688217163,0.31718748807907104,0.4055555462837219,grey
0,2015,0.3218750059604645,0.3986110985279083,0.31692707538604736,0.40509259700775146,grey
0,2016,0.3218750059604645,0.40046295523643494,0.3179687559604645,0.40416666865348816,grey
0,2017,0.32213541865348816,0.39953702688217163,0.3177083432674408,0.4046296179294586,grey
0,2018,0.3216145932674408,0.39907407760620117,0.31718748807907104,0.4046296179294586,grey
0,2019,0.3218750059604645,0.39814814925193787,0.31692707538604736,0.4046296179294586,grey
0,2020,0.3218750059604645,0.39953702688217163,0.3174479305744171,0.4046296179294586,grey
0,2021,0.32213541865348816,0.3986110985279083,0.3174479305744171,0.4046296179294586,grey
0,2025,0.32213541865348816,0.39814814925193787,0.3177083432674408,0.40416666865348816,grey
0,2026,0.32213541865348816,0.39814814925193787,0.3174479305744171,0.40509259700775146,grey
0,2027,0.3218750059604645,0.3967592716217041,0.31692707538604736,0.4046296179294586,grey
0,2028,0.3216145932674408,0.4000000059604645,0.3177083432674408,0.40416666865348816,grey
0,2029,0.3216145932674408,0.40046295523643494,0.3177083432674408,0.40509259700775146,grey
0,2030,0.3213541805744171,0.40046295523643494,0.3177083432674408,0.40416666865348816,grey
0,2031,0.3213541805744171,0.4009259343147278,0.3179687559604645,0.40416666865348816,grey
0,2032,0.32213541865348816,0.39814814925193787,0.31718748807907104,0.40509259700775146,grey
0,2035,0.3218750059604645,0.40046295523643494,0.3174479305744171,0.40509259700775146,grey
0,2036,0.3216145932674408,0.40046295523643494,0.3174479305744171,0.4046296179294586,grey
0,2037,0.3216145932674408,0.40046295523643494,0.3177083432674408,0.40416666865348816,grey
0,2038,0.3218750059604645,0.39953702688217163,0.31718748807907104,0.40509259700775146,grey
0,2055,0.32213541865348816,0.39814814925193787,0.31718748807907104,0.4046296179294586,grey
0,2056,0.3216145932674408,0.39814814925193787,0.31692707538604736,0.40509259700775146,grey
0,2057,0.3216145932674408,0.3976851999759674,0.31692707538604736,0.4046296179294586,grey
0,2058,0.3218750059604645,0.39953702688217163,0.3174479305744171,0.4046296179294586,grey
0,2059,0.3218750059604645,0.4000000059604645,0.3179687559604645,0.40416666865348816,grey
0,2060,0.32213541865348816,0.39907407760620117,0.3174479305744171,0.4046296179294586,grey
0,2061,0.32239583134651184,0.39953702688217163,0.31718748807907104,0.4055555462837219,grey
0,2062,0.3218750059604645,0.40046295523643494,0.3177083432674408,0.40416666865348816,grey
0,2063,0.3218750059604645,0.39907407760620117,0.31718748807907104,0.4046296179294586,grey
0,2064,0.3216145932674408,0.4009259343147278,0.3179687559604645,0.40416666865348816,grey
0,2066,0.32213541865348816,0.39907407760620117,0.31718748807907104,0.40509259700775146,grey
0,2067,0.32213541865348816,0.4000000059604645,0.31718748807907104,0.4046296179294586,grey
0,2068,0.32213541865348816,0.4000000059604645,0.31718748807907104,0.4055555462837219,grey
0,2069,0.32213541865348816,0.40046295523643494,0.31718748807907104,0.40509259700775146,grey
0,2071,0.3218750059604645,0.40138888359069824,0.3177083432674408,0.40509259700775146,grey
0,2072,0.3218750059604645,0.40231481194496155,0.3179687559604645,0.4046296179294586,grey
0,2073,0.3218750059604645,0.4018518626689911,0.3177083432674408,0.40509259700775146,grey
0,2074,0.32213541865348816,0.40046295523643494,0.3174479305744171,0.40509259700775146,grey
0,2075,0.3218750059604645,0.40046295523643494,0.31718748807907104,0.40509259700775146,grey
0,2076,0.32213541865348816,0.4000000059604645,0.31692707538604736,0.4055555462837219,grey
0,2077,0.32213541865348816,0.39907407760620117,0.3166666626930237,0.40509259700775146,grey
0,2078,0.32213541865348816,0.4000000059604645,0.31692707538604736,0.4055555462837219,grey
0,2079,0.32213541865348816,0.39953702688217163,0.31692707538604736,0.4055555462837219,grey
0,2080,0.3216145932674408,0.40046295523643494,0.31718748807907104,0.40416666865348816,grey
0,2081,0.32213541865348816,0.39907407760620117,0.3166666626930237,0.40509259700775146,grey
0,2082,0.3216145932674408,0.40046295523643494,0.3174479305744171,0.4046296179294586,grey
0,2083,0.32213541865348816,0.39907407760620117,0.31718748807907104,0.4046296179294586,grey
0,2084,0.32239583134651184,0.39814814925193787,0.3166666626930237,0.40509259700775146,grey
0,2085,0.3218750059604645,0.39953702688217163,0.31718748807907104,0.40509259700775146,grey
0,2086,0.32213541865348816,0.39907407760620117,0.31692707538604736,0.40509259700775146,grey
0,2087,0.32213541865348816,0.4000000059604645,0.31718748807907104,0.40509259700775146,grey
0,2088,0.32213541865348816,0.3986110985279083,0.3166666626930237,0.40509259700775146,grey
0,2089,0.32213541865348816,0.39907407760620117,0.31692707538604736,0.40509259700775146,grey
0,2090,0.32213541865348816,0.4000000059604645,0.31718748807907104,0.40509259700775146,grey
0,2091,0.32213541865348816,0.3986110985279083,0.3166666626930237,0.40509259700775146,grey
0,2092,0.32213541865348816,0.39814814925193787,0.3166666626930237,0.40509259700775146,grey
0,2093,0.32213541865348816,0.39953702688217163,0.31718748807907104,0.40509259700775146,grey
0,2094,0.32213541865348816,0.39907407760620117,0.31640625,0.40509259700775146,grey
0,2095,0.32213541865348816,0.39814814925193787,0.31640625,0.4046296179294586,grey
0,2096,0.32213541865348816,0.4000000059604645,0.31640625,0.4055555462837219,grey
0,2097,0.3218750059604645,0.4000000059604645,0.31640625,0.4055555462837219,grey
0,2098,0.32213541865348816,0.39907407760620117,0.31640625,0.40509259700775146,grey
0,2099,0.32213541865348816,0.4000000059604645,0.3166666626930237,0.4055555462837219,grey
0,2100,0.32213541865348816,0.4000000059604645,0.31692707538604736,0.4055555462837219,grey
0,2101,0.3216145932674408,0.4000000059604645,0.3166666626930237,0.40509259700775146,grey
0,2103,0.3216145932674408,0.40138888359069824,0.3177083432674408,0.4046296179294586,grey
0,2104,0.3226562440395355,0.4000000059604645,0.31640625,0.4055555462837219,grey
0,2105,0.3226562440395355,0.4009259343147278,0.31692707538604736,0.40648147463798523,grey
0,2106,0.3229166567325592,0.4009259343147278,0.31718748807907104,0.40648147463798523,grey
0,2107,0.3229166567325592,0.4009259343147278,0.3174479305744171,0.40648147463798523,grey
0,2108,0.3229166567325592,0.40138888359069824,0.3174479305744171,0.40648147463798523,grey
0,2109,0.3229166567325592,0.40138888359069824,0.31718748807907104,0.40601852536201477,grey
0,2110,0.32239583134651184,0.40046295523643494,0.31718748807907104,0.40601852536201477,grey
0,2117,0.32213541865348816,0.4009259343147278,0.3174479305744171,0.4055555462837219,grey
0,2118,0.3229166567325592,0.4000000059604645,0.3177083432674408,0.40509259700775146,grey
0,2119,0.3229166567325592,0.39907407760620117,0.3177083432674408,0.40509259700775146,grey
0,2120,0.3226562440395355,0.39814814925193787,0.3177083432674408,0.40509259700775146,grey
0,2124,0.32343751192092896,0.39953702688217163,0.3179687559604645,0.40509259700775146,grey
0,2125,0.32343751192092896,0.39907407760620117,0.3179687559604645,0.40509259700775146,grey
0,2127,0.3229166567325592,0.39814814925193787,0.3177083432674408,0.4046296179294586,grey
0,2128,0.3229166567325592,0.3976851999759674,0.3177083432674408,0.4046296179294586,grey
0,2129,0.3229166567325592,0.39814814925193787,0.3179687559604645,0.40509259700775146,grey
0,2130,0.32343751192092896,0.39722222089767456,0.3179687559604645,0.40416666865348816,grey
0,2131,0.32343751192092896,0.3976851999759674,0.3179687559604645,0.40416666865348816,grey
0,2135,0.32239583134651184,0.39814814925193787,0.31718748807907104,0.4055555462837219,grey
0,2136,0.32239583134651184,0.39722222089767456,0.31718748807907104,0.40509259700775146,grey
0,2140,0.32343751192092896,0.39907407760620117,0.3179687559604645,0.4046296179294586,grey
0,2141,0.3231770694255829,0.39907407760620117,0.3179687559604645,0.40509259700775146,grey
0,2142,0.3229166567325592,0.39907407760620117,0.3179687559604645,0.40416666865348816,grey
0,2143,0.3229166567325592,0.3976851999759674,0.31718748807907104,0.4046296179294586,grey
0,2144,0.32239583134651184,0.3986110985279083,0.31718748807907104,0.40509259700775146,grey
0,2145,0.32213541865348816,0.39814814925193787,0.31692707538604736,0.40509259700775146,grey
0,2146,0.3218750059604645,0.4000000059604645,0.31692707538604736,0.4055555462837219,grey
0,2147,0.32213541865348816,0.39953702688217163,0.31692707538604736,0.40601852536201477,grey
0,2148,0.32213541865348816,0.39953702688217163,0.31692707538604736,0.4055555462837219,grey
0,2150,0.32213541865348816,0.39953702688217163,0.3179687559604645,0.4046296179294586,grey
0,2152,0.32213541865348816,0.4009259343147278,0.3179687559604645,0.4046296179294586,grey
0,2154,0.3226562440395355,0.39953702688217163,0.3174479305744171,0.40509259700775146,grey
0,2155,0.32213541865348816,0.40046295523643494,0.3177083432674408,0.40509259700775146,grey
0,2156,0.32213541865348816,0.39907407760620117,0.31718748807907104,0.40509259700775146,grey
0,2157,0.32213541865348816,0.39907407760620117,0.31718748807907104,0.40509259700775146,grey
0,2158,0.32213541865348816,0.4000000059604645,0.31718748807907104,0.4055555462837219,grey
0,2159,0.32213541865348816,0.40046295523643494,0.31718748807907104,0.40601852536201477,grey
0,2160,0.32213541865348816,0.40046295523643494,0.3174479305744171,0.4046296179294586,grey
0,2161,0.32213541865348816,0.39907407760620117,0.31692707538604736,0.40509259700775146,grey
0,2162,0.32213541865348816,0.39907407760620117,0.31692707538604736,0.40601852536201477,grey
0,2163,0.32213541865348816,0.3986110985279083,0.3166666626930237,0.4055555462837219,grey
0,2164,0.32213541865348816,0.4000000059604645,0.31692707538604736,0.40601852536201477,grey
0,2165,0.3218750059604645,0.39907407760620117,0.3166666626930237,0.40601852536201477,grey
0,2166,0.32213541865348816,0.39814814925193787,0.31640625,0.4055555462837219,grey
0,2167,0.32213541865348816,0.3986110985279083,0.3166666626930237,0.4055555462837219,grey
0,2168,0.32213541865348816,0.4000000059604645,0.3166666626930237,0.40601852536201477,grey
0,2169,0.32213541865348816,0.39722222089767456,0.31640625,0.4046296179294586,grey
0,2170,0.32239583134651184,0.39907407760620117,0.31692707538604736,0.4055555462837219,grey
0,2171,0.32213541865348816,0.39907407760620117,0.3166666626930237,0.40601852536201477,grey
0,2172,0.3218750059604645,0.39814814925193787,0.3166666626930237,0.40509259700775146,grey
0,2173,0.32213541865348816,0.39907407760620117,0.3166666626930237,0.40601852536201477,grey
0,2174,0.32213541865348816,0.39907407760620117,0.3166666626930237,0.40601852536201477,grey
0,2175,0.32213541865348816,0.39953702688217163,0.31692707538604736,0.40509259700775146,grey
0,2176,0.32213541865348816,0.39907407760620117,0.3166666626930237,0.40601852536201477,grey
0,2177,0.32213541865348816,0.39907407760620117,0.3166666626930237,0.40601852536201477,grey
0,2178,0.32239583134651184,0.3976851999759674,0.3166666626930237,0.4055555462837219,grey
0,2179,0.32239583134651184,0.39814814925193787,0.3166666626930237,0.4055555462837219,grey
0,2180,0.32239583134651184,0.3986110985279083,0.3166666626930237,0.40601852536201477,grey
0,2181,0.32239583134651184,0.3976851999759674,0.3166666626930237,0.4055555462837219,grey
0,2182,0.32239583134651184,0.3976851999759674,0.3166666626930237,0.4055555462837219,grey
0,2183,0.32239583134651184,0.3976851999759674,0.3166666626930237,0.4055555462837219,grey
0,2184,0.32239583134651184,0.3976851999759674,0.3166666626930237,0.4055555462837219,grey
0,2185,0.32239583134651184,0.3986110985279083,0.31692707538604736,0.4055555462837219,grey
0,2186,0.32239583134651184,0.39953702688217163,0.31718748807907104,0.40509259700775146,grey
0,2187,0.32213541865348816,0.39953702688217163,0.31692707538604736,0.4055555462837219,grey
0,2188,0.32239583134651184,0.39953702688217163,0.31718748807907104,0.40509259700775146,grey
0,2189,0.32213541865348816,0.4000000059604645,0.3174479305744171,0.40509259700775146,grey
0,2190,0.32239583134651184,0.39907407760620117,0.31718748807907104,0.4046296179294586,grey
0,2200,0.32213541865348816,0.39953702688217163,0.3174479305744171,0.4046296179294586,grey
0,2203,0.32213541865348816,0.4000000059604645,0.3174479305744171,0.40509259700775146,grey
0,2208,0.32239583134651184,0.39814814925193787,0.31718748807907104,0.4046296179294586,grey
0,2215,0.32213541865348816,0.39953702688217163,0.3174479305744171,0.40509259700775146,grey
0,2216,0.32213541865348816,0.39814814925193787,0.31718748807907104,0.4055555462837219,grey
0,2217,0.32213541865348816,0.40046295523643494,0.3177083432674408,0.40416666865348816,grey
0,2218,0.3218750059604645,0.4018518626689911,0.3179687559604645,0.4046296179294586,grey
0,2221,0.3218750059604645,0.39907407760620117,0.3179687559604645,0.4046296179294586,grey
0,2222,0.3218750059604645,0.39953702688217163,0.3179687559604645,0.4046296179294586,grey
0,2231,0.32239583134651184,0.39953702688217163,0.3177083432674408,0.40509259700775146,grey
0,2232,0.32213541865348816,0.40046295523643494,0.3177083432674408,0.40416666865348816,grey
0,2233,0.3218750059604645,0.4018518626689911,0.3179687559604645,0.4046296179294586,grey
0,2234,0.32213541865348816,0.4009259343147278,0.3177083432674408,0.40509259700775146,grey
0,2235,0.32239583134651184,0.4000000059604645,0.3174479305744171,0.4055555462837219,grey
0,2236,0.32213541865348816,0.40138888359069824,0.3179687559604645,0.40509259700775146,grey
0,2241,0.32239583134651184,0.39907407760620117,0.3177083432674408,0.40416666865348816,grey
0,2242,0.3218750059604645,0.4000000059604645,0.3174479305744171,0.40509259700775146,grey
0,2246,0.32213541865348816,0.4000000059604645,0.3174479305744171,0.40509259700775146,grey
0,2248,0.3218750059604645,0.39953702688217163,0.3177083432674408,0.40509259700775146,grey
0,2250,0.32213541865348816,0.39907407760620117,0.3177083432674408,0.4046296179294586,grey
0,2252,0.32239583134651184,0.39907407760620117,0.31718748807907104,0.40509259700775146,grey
0,2253,0.32239583134651184,0.39907407760620117,0.31718748807907104,0.40509259700775146,grey
0,2254,0.3218750059604645,0.4000000059604645,0.3174479305744171,0.40509259700775146,grey
0,2255,0.32213541865348816,0.39907407760620117,0.31692707538604736,0.4055555462837219,grey
0,2256,0.32213541865348816,0.4000000059604645,0.31692707538604736,0.4055555462837219,grey
0,2257,0.3218750059604645,0.40138888359069824,0.3177083432674408,0.40509259700775146,grey
0,2258,0.32239583134651184,0.39953702688217163,0.31692707538604736,0.4055555462837219,grey
0,2259,0.32213541865348816,0.4000000059604645,0.31718748807907104,0.4055555462837219,grey
0,2260,0.3218750059604645,0.4009259343147278,0.3174479305744171,0.40509259700775146,grey
0,2261,0.32239583134651184,0.3986110985279083,0.3166666626930237,0.4055555462837219,grey
0,2262,0.32213541865348816,0.4000000059604645,0.31692707538604736,0.40601852536201477,grey
0,2263,0.32213541865348816,0.39907407760620117,0.3166666626930237,0.40601852536201477,grey
0,2264,0.32239583134651184,0.39907407760620117,0.31692707538604736,0.40509259700775146,grey
0,2265,0.3218750059604645,0.39953702688217163,0.31692707538604736,0.40601852536201477,grey
0,2266,0.32213541865348816,0.4000000059604645,0.31718748807907104,0.40601852536201477,grey
0,2267,0.32239583134651184,0.3986110985279083,0.31692707538604736,0.40509259700775146,grey
0,2268,0.32239583134651184,0.4009259343147278,0.3174479305744171,0.4055555462837219,grey
0,2269,0.32213541865348816,0.4009259343147278,0.31718748807907104,0.4055555462837219,grey
0,2270,0.32239583134651184,0.4000000059604645,0.3177083432674408,0.40509259700775146,grey
0,2271,0.32239583134651184,0.4000000059604645,0.3177083432674408,0.40509259700775146,grey
0,2273,0.32239583134651184,0.3986110985279083,0.31718748807907104,0.40509259700775146,grey
0,2274,0.32213541865348816,0.4000000059604645,0.31692707538604736,0.4055555462837219,grey
0,2275,0.32213541865348816,0.4000000059604645,0.3174479305744171,0.40509259700775146,grey
0,2276,0.32239583134651184,0.39907407760620117,0.31718748807907104,0.4046296179294586,grey
0,2277,0.3218750059604645,0.4009259343147278,0.3174479305744171,0.40509259700775146,grey
0,2278,0.32213541865348816,0.4000000059604645,0.31718748807907104,0.4055555462837219,grey
0,2279,0.32213541865348816,0.4000000059604645,0.3177083432674408,0.4046296179294586,grey
0,2281,0.3218750059604645,0.4009259343147278,0.3174479305744171,0.40509259700775146,grey
0,2282,0.32239583134651184,0.39953702688217163,0.31692707538604736,0.40509259700775146,grey
0,2283,0.32239583134651184,0.39953702688217163,0.3174479305744171,0.4055555462837219,grey
0,2284,0.3218750059604645,0.4000000059604645,0.3174479305744171,0.40509259700775146,grey
0,2287,0.32239583134651184,0.4000000059604645,0.3177083432674408,0.40509259700775146,grey
0,2288,0.32239583134651184,0.40046295523643494,0.3177083432674408,0.4046296179294586,grey
0,2289,0.32239583134651184,0.39907407760620117,0.3177083432674408,0.40509259700775146,grey
0,2290,0.3218750059604645,0.4000000059604645,0.3174479305744171,0.40509259700775146,grey
0,2291,0.32239583134651184,0.4000000059604645,0.3174479305744171,0.4046296179294586,grey
0,2292,0.3218750059604645,0.40046295523643494,0.3179687559604645,0.4046296179294586,grey
0,2294,0.32239583134651184,0.3976851999759674,0.31718748807907104,0.40509259700775146,grey
0,2295,0.32213541865348816,0.4009259343147278,0.3177083432674408,0.40509259700775146,grey
0,2305,0.32213541865348816,0.40138888359069824,0.3177083432674408,0.4055555462837219,grey
0,2306,0.32213541865348816,0.40138888359069824,0.3177083432674408,0.40509259700775146,grey
0,2308,0.32239583134651184,0.40046295523643494,0.3177083432674408,0.40509259700775146,grey
0,2309,0.32239583134651184,0.4000000059604645,0.31718748807907104,0.40509259700775146,grey
0,2310,0.32213541865348816,0.4009259343147278,0.3177083432674408,0.40509259700775146,grey
0,2312,0.32239583134651184,0.40138888359069824,0.3177083432674408,0.40509259700775146,grey
0,2320,0.32213541865348816,0.40138888359069824,0.3177083432674408,0.4055555462837219,grey
0,2321,0.32213541865348816,0.40138888359069824,0.3177083432674408,0.4046296179294586,grey
0,2322,0.3218750059604645,0.40138888359069824,0.3177083432674408,0.40509259700775146,grey
0,2323,0.32239583134651184,0.4009259343147278,0.3174479305744171,0.40509259700775146,grey
0,2324,0.3218750059604645,0.40138888359069824,0.3179687559604645,0.4055555462837219,grey
0,2325,0.32213541865348816,0.4009259343147278,0.31718748807907104,0.4055555462837219,grey
0,2326,0.32213541865348816,0.40046295523643494,0.3174479305744171,0.40509259700775146,grey
0,2327,0.32239583134651184,0.4000000059604645,0.3177083432674408,0.4046296179294586,grey
0,2328,0.32239583134651184,0.4000000059604645,0.3174479305744171,0.40509259700775146,grey
0,2352,0.32213541865348816,0.39907407760620117,0.3177083432674408,0.40509259700775146,grey
0,2353,0.32213541865348816,0.4000000059604645,0.3177083432674408,0.40509259700775146,grey
0,2356,0.3218750059604645,0.4000000059604645,0.3177083432674408,0.40509259700775146,grey
0,2358,0.32213541865348816,0.40138888359069824,0.3179687559604645,0.4055555462837219,grey
0,2361,0.32239583134651184,0.39907407760620117,0.3174479305744171,0.40509259700775146,grey
0,2362,0.32239583134651184,0.4000000059604645,0.3174479305744171,0.4055555462837219,grey
0,2364,0.32239583134651184,0.39953702688217163,0.3174479305744171,0.4055555462837219,grey
0,2365,0.32239583134651184,0.3986110985279083,0.31718748807907104,0.4055555462837219,grey
0,2366,0.32213541865348816,0.4000000059604645,0.3177083432674408,0.4046296179294586,grey
0,2370,0.3218750059604645,0.4000000059604645,0.3177083432674408,0.40509259700775146,grey
0,2371,0.3218750059604645,0.4009259343147278,0.3179687559604645,0.4046296179294586,grey
0,2373,0.3218750059604645,0.39953702688217163,0.3177083432674408,0.40509259700775146,grey
0,2374,0.3218750059604645,0.4000000059604645,0.3177083432674408,0.4046296179294586,grey
0,2375,0.32239583134651184,0.39953702688217163,0.3174479305744171,0.4046296179294586,grey
0,2376,0.32213541865348816,0.40138888359069824,0.3177083432674408,0.4055555462837219,grey
0,2378,0.32239583134651184,0.39907407760620117,0.3174479305744171,0.40509259700775146,grey
0,2379,0.32239583134651184,0.39907407760620117,0.31692707538604736,0.4055555462837219,grey
0,2380,0.32239583134651184,0.4000000059604645,0.3174479305744171,0.40509259700775146,grey
0,2381,0.32239583134651184,0.3986110985279083,0.31692707538604736,0.4055555462837219,grey
0,2382,0.32239583134651184,0.3986110985279083,0.31692707538604736,0.4055555462837219,grey
0,2383,0.32239583134651184,0.39907407760620117,0.3174479305744171,0.40509259700775146,grey
0,2384,0.32239583134651184,0.3986110985279083,0.31718748807907104,0.40509259700775146,grey
0,2385,0.32239583134651184,0.39907407760620117,0.31692707538604736,0.4055555462837219,grey
0,2386,0.32213541865348816,0.39907407760620117,0.31718748807907104,0.4046296179294586,grey
0,2387,0.3218750059604645,0.40046295523643494,0.3177083432674408,0.4046296179294586,grey
0,2388,0.32239583134651184,0.3986110985279083,0.31718748807907104,0.4055555462837219,grey
0,2389,0.32239583134651184,0.39814814925193787,0.31692707538604736,0.40509259700775146,grey
0,2390,0.32239583134651184,0.39953702688217163,0.3177083432674408,0.4046296179294586,grey
0,2391,0.32239583134651184,0.4000000059604645,0.3174479305744171,0.4046296179294586,grey
0,2392,0.3218750059604645,0.39907407760620117,0.3177083432674408,0.4046296179294586,grey
0,2393,0.3218750059604645,0.40046295523643494,0.3177083432674408,0.4046296179294586,grey
0,2394,0.32239583134651184,0.39907407760620117,0.31718748807907104,0.4055555462837219,grey
0,2395,0.32239583134651184,0.4000000059604645,0.3174479305744171,0.4046296179294586,grey
0,2396,0.32239583134651184,0.39814814925193787,0.31718748807907104,0.40509259700775146,grey
0,2397,0.32239583134651184,0.39907407760620117,0.31718748807907104,0.4055555462837219,grey
0,2398,0.32213541865348816,0.40046295523643494,0.3179687559604645,0.4046296179294586,grey
0,2399,0.32239583134651184,0.39953702688217163,0.3177083432674408,0.4046296179294586,grey
0,2400,0.32239583134651184,0.4000000059604645,0.3177083432674408,0.40509259700775146,grey
0,2401,0.32239583134651184,0.40046295523643494,0.3174479305744171,0.4055555462837219,grey
0,2405,0.32239583134651184,0.3986110985279083,0.3174479305744171,0.4046296179294586,grey
0,2408,0.32213541865348816,0.40046295523643494,0.3179687559604645,0.4046296179294586,grey
0,2411,0.32213541865348816,0.40046295523643494,0.3177083432674408,0.40509259700775146,grey
0,2412,0.3216145932674408,0.40138888359069824,0.3174479305744171,0.4055555462837219,grey
0,2413,0.3218750059604645,0.40046295523643494,0.3174479305744171,0.4046296179294586,grey
0,2416,0.3218750059604645,0.39907407760620117,0.3179687559604645,0.4046296179294586,grey
0,2417,0.32213541865348816,0.39814814925193787,0.31718748807907104,0.40509259700775146,grey
0,2418,0.32213541865348816,0.39907407760620117,0.3166666626930237,0.40601852536201477,grey
0,2423,0.32239583134651184,0.39814814925193787,0.3174479305744171,0.40509259700775146,grey
0,2424,0.32239583134651184,0.3986110985279083,0.31718748807907104,0.4055555462837219,grey
0,2425,0.32239583134651184,0.39907407760620117,0.3174479305744171,0.40509259700775146,grey
0,2426,0.32213541865348816,0.4000000059604645,0.31718748807907104,0.4055555462837219,grey
0,2428,0.32239583134651184,0.39907407760620117,0.3174479305744171,0.4046296179294586,grey
0,2429,0.32239583134651184,0.39907407760620117,0.3174479305744171,0.40509259700775146,grey
0,2430,0.32239583134651184,0.4000000059604645,0.3177083432674408,0.40509259700775146,grey
0,2431,0.32213541865348816,0.39953702688217163,0.3177083432674408,0.40509259700775146,grey
0,2433,0.3218750059604645,0.40138888359069824,0.3179687559604645,0.4055555462837219,grey
0,2434,0.32239583134651184,0.3986110985279083,0.31692707538604736,0.40601852536201477,grey
0,2435,0.32239583134651184,0.3976851999759674,0.31692707538604736,0.4055555462837219,grey
0,2436,0.32239583134651184,0.4000000059604645,0.31718748807907104,0.40601852536201477,grey
0,2437,0.32239583134651184,0.39907407760620117,0.3174479305744171,0.40509259700775146,grey
0,2438,0.32239583134651184,0.3976851999759674,0.31692707538604736,0.4055555462837219,grey
0,2439,0.32239583134651184,0.4000000059604645,0.3174479305744171,0.4055555462837219,grey
0,2450,0.32239583134651184,0.39907407760620117,0.3177083432674408,0.40509259700775146,grey
0,2452,0.32213541865348816,0.40046295523643494,0.3174479305744171,0.4046296179294586,grey
0,2454,0.32239583134651184,0.4000000059604645,0.3174479305744171,0.4055555462837219,grey
0,2455,0.32213541865348816,0.40138888359069824,0.3174479305744171,0.40509259700775146,grey
0,2456,0.32213541865348816,0.40231481194496155,0.3177083432674408,0.4055555462837219,grey
0,2462,0.32239583134651184,0.4009259343147278,0.3174479305744171,0.4055555462837219,grey
0,2463,0.32239583134651184,0.4000000059604645,0.3177083432674408,0.4055555462837219,grey
0,2469,0.32213541865348816,0.40138888359069824,0.3177083432674408,0.4055555462837219,grey
0,2495,0.32213541865348816,0.4000000059604645,0.3177083432674408,0.40509259700775146,grey
0,2496,0.3218750059604645,0.40046295523643494,0.3179687559604645,0.4046296179294586,grey
0,2497,0.3218750059604645,0.4000000059604645,0.3177083432674408,0.4046296179294586,grey
0,2498,0.3218750059604645,0.40046295523643494,0.3177083432674408,0.40509259700775146,grey
0,2499,0.3218750059604645,0.40046295523643494,0.3179687559604645,0.4046296179294586,grey
0,2500,0.3218750059604645,0.4000000059604645,0.3174479305744171,0.4046296179294586,grey
0,2501,0.3218750059604645,0.4000000059604645,0.3174479305744171,0.4055555462837219,grey
0,2502,0.32239583134651184,0.39907407760620117,0.31692707538604736,0.4055555462837219,grey
0,2505,0.3218750059604645,0.4000000059604645,0.3179687559604645,0.4046296179294586,grey
0,2510,0.3218750059604645,0.40138888359069824,0.31822916865348816,0.40509259700775146,grey
0,2516,0.32213541865348816,0.4000000059604645,0.3179687559604645,0.40509259700775146,grey
0,2520,0.3216145932674408,0.40046295523643494,0.3179687559604645,0.4046296179294586,grey
0,2526,0.3218750059604645,0.39907407760620117,0.3177083432674408,0.4046296179294586,grey
0,2527,0.32213541865348816,0.3986110985279083,0.31718748807907104,0.40509259700775146,grey
0,2528,0.32239583134651184,0.3986110985279083,0.3166666626930237,0.40601852536201477,grey
0,2529,0.32213541865348816,0.4000000059604645,0.31692707538604736,0.40601852536201477,grey
0,2530,0.32213541865348816,0.39907407760620117,0.3166666626930237,0.40601852536201477,grey
0,2531,0.3218750059604645,0.40231481194496155,0.3174479305744171,0.4055555462837219,grey
0,2532,0.32213541865348816,0.39953702688217163,0.31692707538604736,0.4055555462837219,grey
0,2533,0.32213541865348816,0.4009259343147278,0.31718748807907104,0.40509259700775146,grey
0,2534,0.32213541865348816,0.4000000059604645,0.31692707538604736,0.40648147463798523,grey
0,2535,0.32213541865348816,0.39953702688217163,0.31692707538604736,0.4055555462837219,grey
0,2536,0.32213541865348816,0.4009259343147278,0.31718748807907104,0.40601852536201477,grey
0,2537,0.3218750059604645,0.4018518626689911,0.3174479305744171,0.40601852536201477,grey
0,2538,0.32213541865348816,0.40138888359069824,0.31718748807907104,0.4055555462837219,grey
0,2539,0.32213541865348816,0.4009259343147278,0.31718748807907104,0.4055555462837219,grey
0,2540,0.32213541865348816,0.4009259343147278,0.31692707538604736,0.40648147463798523,grey
0,2541,0.3218750059604645,0.4009259343147278,0.3174479305744171,0.40509259700775146,grey
0,2542,0.3218750059604645,0.4000000059604645,0.3174479305744171,0.4046296179294586,grey
0,2543,0.32213541865348816,0.4009259343147278,0.3174479305744171,0.4055555462837219,grey
0,2544,0.3216145932674408,0.4009259343147278,0.3174479305744171,0.40509259700775146,grey
0,2545,0.3216145932674408,0.4009259343147278,0.31692707538604736,0.40601852536201477,grey
0,2546,0.32213541865348816,0.4000000059604645,0.3166666626930237,0.40648147463798523,grey
0,2547,0.32213541865348816,0.39907407760620117,0.31718748807907104,0.4055555462837219,grey
0,2548,0.32213541865348816,0.4000000059604645,0.31718748807907104,0.4055555462837219,grey
0,2549,0.32213541865348816,0.4009259343147278,0.3174479305744171,0.40509259700775146,grey
0,2550,0.32239583134651184,0.39953702688217163,0.3174479305744171,0.40509259700775146,grey
0,2557,0.32213541865348816,0.39907407760620117,0.31718748807907104,0.40509259700775146,grey
0,2558,0.3218750059604645,0.39907407760620117,0.31718748807907104,0.40601852536201477,grey
0,2559,0.32213541865348816,0.4000000059604645,0.3174479305744171,0.4055555462837219,grey
0,2560,0.3218750059604645,0.4000000059604645,0.31692707538604736,0.4055555462837219,grey
0,2561,0.3218750059604645,0.40046295523643494,0.3174479305744171,0.40601852536201477,grey
0,2562,0.3216145932674408,0.4009259343147278,0.3174479305744171,0.4055555462837219,grey
0,2563,0.3218750059604645,0.4000000059604645,0.3179687559604645,0.4046296179294586,grey
0,2564,0.32239583134651184,0.4000000059604645,0.3174479305744171,0.4055555462837219,grey
0,2565,0.32213541865348816,0.4000000059604645,0.3174479305744171,0.4055555462837219,grey
0,2566,0.32213541865348816,0.4000000059604645,0.3174479305744171,0.4055555462837219,grey
0,2567,0.3218750059604645,0.40138888359069824,0.3177083432674408,0.40509259700775146,grey
0,2569,0.32239583134651184,0.39907407760620117,0.31692707538604736,0.40601852536201477,grey
0,2570,0.32213541865348816,0.40046295523643494,0.3177083432674408,0.40509259700775146,grey
0,2575,0.3218750059604645,0.39907407760620117,0.3177083432674408,0.40509259700775146,grey
0,2576,0.32213541865348816,0.39722222089767456,0.31692707538604736,0.4055555462837219,grey
0,2577,0.3226562440395355,0.3976851999759674,0.31718748807907104,0.4055555462837219,grey
0,2578,0.3226562440395355,0.39907407760620117,0.3177083432674408,0.4055555462837219,grey
0,2579,0.3226562440395355,0.4000000059604645,0.3177083432674408,0.4055555462837219,grey
0,2580,0.32239583134651184,0.3986110985279083,0.31718748807907104,0.4055555462837219,grey
0,2581,0.3218750059604645,0.39953702688217163,0.31692707538604736,0.4055555462837219,grey
0,2583,0.32213541865348816,0.40046295523643494,0.3177083432674408,0.4046296179294586,grey
0,2584,0.32239583134651184,0.40138888359069824,0.3177083432674408,0.4055555462837219,grey
0,2585,0.32239583134651184,0.40046295523643494,0.3177083432674408,0.40509259700775146,grey
0,2586,0.32239583134651184,0.40046295523643494,0.3179687559604645,0.40509259700775146,grey
0,2587,0.32239583134651184,0.39953702688217163,0.3174479305744171,0.40509259700775146,grey
0,2588,0.32239583134651184,0.3986110985279083,0.31718748807907104,0.4055555462837219,grey
0,2589,0.32213541865348816,0.40138888359069824,0.3174479305744171,0.4055555462837219,grey
0,2590,0.32213541865348816,0.4009259343147278,0.31718748807907104,0.40601852536201477,grey
0,2591,0.32239583134651184,0.39907407760620117,0.31692707538604736,0.4055555462837219,grey
0,2592,0.32213541865348816,0.4000000059604645,0.3174479305744171,0.4055555462837219,grey
0,2593,0.32239583134651184,0.4009259343147278,0.3174479305744171,0.40601852536201477,grey
0,2594,0.32239583134651184,0.40046295523643494,0.3174479305744171,0.40509259700775146,grey
0,2595,0.32239583134651184,0.39907407760620117,0.3174479305744171,0.4055555462837219,grey
0,2596,0.32239583134651184,0.4000000059604645,0.31718748807907104,0.40601852536201477,grey
0,2597,0.32239583134651184,0.39907407760620117,0.3174479305744171,0.4046296179294586,grey
0,2598,0.32213541865348816,0.40046295523643494,0.3177083432674408,0.4046296179294586,grey
0,2599,0.32239583134651184,0.39907407760620117,0.3177083432674408,0.40509259700775146,grey
0,2600,0.3218750059604645,0.39907407760620117,0.3174479305744171,0.40509259700775146,grey
0,2601,0.3218750059604645,0.4000000059604645,0.3177083432674408,0.40509259700775146,grey
0,2603,0.32239583134651184,0.39907407760620117,0.3174479305744171,0.40509259700775146,grey
0,2604,0.32239583134651184,0.39907407760620117,0.3174479305744171,0.40509259700775146,grey
0,2605,0.32213541865348816,0.40046295523643494,0.3174479305744171,0.40509259700775146,grey
0,2606,0.32239583134651184,0.39907407760620117,0.3174479305744171,0.40509259700775146,grey
0,2607,0.32239583134651184,0.39907407760620117,0.3174479305744171,0.4055555462837219,grey
0,2608,0.32213541865348816,0.39953702688217163,0.3174479305744171,0.40509259700775146,grey
0,2609,0.32239583134651184,0.39907407760620117,0.3174479305744171,0.40509259700775146,grey
0,2610,0.32213541865348816,0.3986110985279083,0.3174479305744171,0.40509259700775146,grey
0,2611,0.32213541865348816,0.39953702688217163,0.3177083432674408,0.40509259700775146,grey
0,2612,0.32213541865348816,0.39907407760620117,0.3174479305744171,0.40509259700775146,grey
0,2613,0.32239583134651184,0.39907407760620117,0.3174479305744171,0.4055555462837219,grey
0,2614,0.3218750059604645,0.39953702688217163,0.3174479305744171,0.4055555462837219,grey
0,2615,0.32213541865348816,0.4000000059604645,0.3177083432674408,0.4046296179294586,grey
0,2616,0.32239583134651184,0.4009259343147278,0.3177083432674408,0.40509259700775146,grey
0,2617,0.32213541865348816,0.3986110985279083,0.31692707538604736,0.4055555462837219,grey
0,2618,0.3218750059604645,0.39953702688217163,0.31718748807907104,0.40509259700775146,grey
0,2619,0.32213541865348816,0.39953702688217163,0.31718748807907104,0.40601852536201477,grey
0,2620,0.32239583134651184,0.39907407760620117,0.31718748807907104,0.4055555462837219,grey
0,2621,0.32239583134651184,0.39907407760620117,0.3174479305744171,0.40509259700775146,grey
0,2622,0.32239583134651184,0.4000000059604645,0.3174479305744171,0.4055555462837219,grey
0,2623,0.32239583134651184,0.4000000059604645,0.3174479305744171,0.40509259700775146,grey
0,2625,0.32239583134651184,0.39953702688217163,0.31692707538604736,0.40601852536201477,grey
0,2626,0.32239583134651184,0.39907407760620117,0.31718748807907104,0.4055555462837219,grey
0,2627,0.32239583134651184,0.40046295523643494,0.3174479305744171,0.40509259700775146,grey
0,2628,0.32239583134651184,0.39953702688217163,0.31718748807907104,0.4055555462837219,grey
0,2629,0.32239583134651184,0.39907407760620117,0.3166666626930237,0.40601852536201477,grey
0,2630,0.32239583134651184,0.39907407760620117,0.3174479305744171,0.40509259700775146,grey
0,2631,0.32239583134651184,0.4000000059604645,0.3174479305744171,0.4055555462837219,grey
0,2632,0.32239583134651184,0.3986110985279083,0.31692707538604736,0.40601852536201477,grey
0,2633,0.32239583134651184,0.39907407760620117,0.31718748807907104,0.4055555462837219,grey
0,2634,0.32213541865348816,0.40138888359069824,0.3177083432674408,0.4055555462837219,grey
0,2635,0.32239583134651184,0.39953702688217163,0.31718748807907104,0.4055555462837219,grey
0,2636,0.32213541865348816,0.40046295523643494,0.3174479305744171,0.4046296179294586,grey
0,2637,0.32213541865348816,0.40138888359069824,0.3174479305744171,0.4055555462837219,grey
0,2638,0.32239583134651184,0.4000000059604645,0.3174479305744171,0.4055555462837219,grey
0,2639,0.32239583134651184,0.4000000059604645,0.3174479305744171,0.40509259700775146,grey
0,2640,0.32239583134651184,0.4000000059604645,0.31718748807907104,0.40601852536201477,grey
0,2647,0.3218750059604645,0.40046295523643494,0.3177083432674408,0.40509259700775146,grey
0,2648,0.32213541865348816,0.39907407760620117,0.31718748807907104,0.4055555462837219,grey
0,2649,0.32239583134651184,0.39814814925193787,0.3174479305744171,0.40601852536201477,grey
0,2650,0.3226562440395355,0.3986110985279083,0.3177083432674408,0.4069444537162781,grey
0,2651,0.3229166567325592,0.39953702688217163,0.3177083432674408,0.4069444537162781,grey
0,2652,0.3226562440395355,0.4009259343147278,0.31822916865348816,0.40833333134651184,grey
0,2653,0.3229166567325592,0.4009259343147278,0.3177083432674408,0.4078703820705414,grey
0,2654,0.3229166567325592,0.4009259343147278,0.3177083432674408,0.4078703820705414,grey
0,2655,0.3229166567325592,0.40138888359069824,0.3177083432674408,0.40833333134651184,grey
0,2656,0.3226562440395355,0.4009259343147278,0.3177083432674408,0.4078703820705414,grey
0,2657,0.3229166567325592,0.40138888359069824,0.3174479305744171,0.4078703820705414,grey
0,2658,0.3226562440395355,0.40231481194496155,0.3179687559604645,0.4078703820705414,grey
0,2659,0.32239583134651184,0.40231481194496155,0.3179687559604645,0.40740740299224854,grey
0,2660,0.3226562440395355,0.4027777910232544,0.31822916865348816,0.40740740299224854,grey
0,2670,0.32239583134651184,0.4009259343147278,0.31822916865348816,0.4069444537162781,grey
0,2672,0.32213541865348816,0.3976851999759674,0.3177083432674408,0.4055555462837219,grey
0,2673,0.32239583134651184,0.3976851999759674,0.3177083432674408,0.40601852536201477,grey
0,2677,0.3239583373069763,0.3976851999759674,0.3187499940395355,0.4046296179294586,grey
0,2678,0.32369792461395264,0.39814814925193787,0.3187499940395355,0.40509259700775146,grey
0,2680,0.32369792461395264,0.39814814925193787,0.3187499940395355,0.40509259700775146,grey
0,2681,0.32369792461395264,0.39814814925193787,0.31848958134651184,0.4055555462837219,grey
0,2683,0.32369792461395264,0.3976851999759674,0.31848958134651184,0.40509259700775146,grey
0,2684,0.3239583373069763,0.39814814925193787,0.3187499940395355,0.40509259700775146,grey
0,2686,0.3229166567325592,0.39814814925193787,0.31822916865348816,0.40601852536201477,grey
0,2688,0.32369792461395264,0.39722222089767456,0.31848958134651184,0.4055555462837219,grey
0,2689,0.3239583373069763,0.4000000059604645,0.31848958134651184,0.40509259700775146,grey
0,2690,0.3239583373069763,0.39814814925193787,0.31848958134651184,0.4055555462837219,grey
0,2693,0.32369792461395264,0.3986110985279083,0.31848958134651184,0.40601852536201477,grey
0,2695,0.3239583373069763,0.39629629254341125,0.3187499940395355,0.4046296179294586,grey
